classification,win_rate(%)
Fear,40.78714994533681
Greed,42.03112021706628
Neutral,39.69909250119408
